{"cameraMode":{"drawMode":2,"name":"Shaded Wireframe","section":"Shading Mode"},"sceneLighting":true,"audioPlay":false,"sceneViewState":{"showFog":true,"showMaterialUpdate":false,"showSkybox":true,"showFlares":true,"showImageEffects":true,"showParticleSystems":true},"in2DMode":false,"pivot":{"x":-4.109055519104004,"y":-5.220232009887695,"z":-8.009267807006836},"rotation":{"x":-0.1861446648836136,"y":0.6407271027565002,"z":-0.16415734589099885,"w":-0.7265475988388062},"size":22.608949661254884,"orthographic":false}